Country/Region,Date,total_cases,total_recovered,total_deaths,new_cases,new_recovered,new_deaths,infected_7,gr_infected_7
Germany,2020-03-03,196,16,0,37.0,0.0,0.0,173.2857142857143,0.08984725965858065
Germany,2020-03-04,262,16,0,66.0,0.0,0.0,214.53061224489798,0.23801672358968307
Germany,2020-03-05,482,16,0,220.0,0.0,0.0,403.88338192419826,0.8826375298978038
Germany,2020-03-06,670,17,0,188.0,1.0,0.0,534.1857559350271,0.32262375686277767
Germany,2020-03-07,799,18,0,129.0,1.0,0.0,586.8735050871662,0.0986318870669165
Germany,2020-03-08,1040,18,0,241.0,0.0,0.0,744.0344329318568,0.26779353043267484
Germany,2020-03-09,1176,18,2,136.0,0.0,2.0,773.7437996558773,0.03993009652382762
Germany,2020-03-10,1457,18,2,281.0,0.0,0.0,944.2089711336091,0.22031216476764826
Germany,2020-03-11,1908,25,3,451.0,7.0,1.0,1260.3219752573793,0.3347913584682929
Germany,2020-03-12,2078,25,3,170.0,0.0,0.0,1250.2759787920395,-0.007970976197005708
Germany,2020-03-13,3675,46,7,1597.0,21.0,4.0,2668.665124678891,1.1344608470021438
Germany,2020-03-14,4585,46,9,910.0,0.0,2.0,3197.427249724764,0.19813730848283062
Germany,2020-03-15,5795,46,11,1210.0,0.0,2.0,3950.651928335512,0.2355721083804443
Germany,2020-03-16,7272,67,17,1477.0,21.0,6.0,4863.27308143044,0.23100520360937815
Germany,2020-03-17,9257,67,24,1985.0,0.0,7.0,6153.519784083234,0.2653041852778897
Germany,2020-03-18,12327,105,28,3070.0,38.0,4.0,8344.445529214201,0.3560443164248923
Germany,2020-03-19,15320,113,44,2993.0,8.0,16.0,10145.381882183601,0.21582456817103757
Germany,2020-03-20,19848,180,67,4528.0,67.0,23.0,13224.04161330023,0.30345429742009933
Germany,2020-03-21,22213,233,84,2365.0,53.0,17.0,13699.8928114002,0.035983794668445146
Germany,2020-03-22,24873,266,94,2660.0,33.0,10.0,14402.765266914457,0.051304960205920125
Germany,2020-03-23,29056,266,123,4183.0,0.0,29.0,16528.22737164096,0.147573196211775
Germany,2020-03-24,32986,3243,157,3930.0,2977.0,34.0,18097.052032835112,0.09491790171557835
Germany,2020-03-25,37323,3547,206,4337.0,304.0,49.0,19848.75888528724,0.09679514924717281
Germany,2020-03-26,43938,5673,267,6615.0,2126.0,61.0,23628.221901674777,0.19041306502992694
Germany,2020-03-27,50871,6658,342,6933.0,985.0,75.0,27185.761630006953,0.15056315888416538
Germany,2020-03-28,57695,8481,433,6824.0,1823.0,91.0,30126.081397148817,0.10815660812299677
Germany,2020-03-29,62095,9211,533,4400.0,730.0,100.0,30222.355483270418,0.003195705569948748
Germany,2020-03-30,66885,13500,645,4790.0,4289.0,112.0,30694.876128517502,0.015634805351576464
Germany,2020-03-31,71808,16100,775,4923.0,2600.0,130.0,31232.893824443574,0.017527931817461262
Germany,2020-04-01,77872,18700,920,6064.0,2600.0,145.0,32835.051849523064,0.05129713673299152
Germany,2020-04-02,84794,22440,1107,6922.0,3740.0,187.0,35066.33015673405,0.06795415817939077
Germany,2020-04-03,91159,24575,1275,6365.0,2135.0,168.0,36421.85442005776,0.03865600583993234
Germany,2020-04-04,96092,26400,1444,4933.0,1825.0,169.0,36151.732360049515,-0.007416482886700271
Germany,2020-04-05,100123,28700,1584,4031.0,2300.0,140.0,35018.19916575673,-0.03135487901391498
Germany,2020-04-06,103374,28700,1810,3251.0,0.0,226.0,33266.59928493434,-0.050019701827934804
Germany,2020-04-07,107663,36081,2016,4289.0,7381.0,206.0,32803.22795851515,-0.01392902600143564
Germany,2020-04-08,113296,46300,2349,5633.0,10219.0,333.0,33750.05253587013,0.028863762388030567
Germany,2020-04-09,118181,52407,2607,4885.0,6107.0,258.0,33813.61645931726,0.0018833725778522048
Germany,2020-04-10,122171,53913,2767,3990.0,1506.0,160.0,32973.099822271935,-0.024857342250172665
Germany,2020-04-11,124908,57400,2736,2737.0,3487.0,-31.0,30999.656990518804,-0.059850085141832876
Germany,2020-04-12,127854,60300,3022,2946.0,2900.0,286.0,29517.134563301835,-0.04782383326597439
Germany,2020-04-13,130072,64300,3194,2218.0,4000.0,172.0,27518.401054258717,-0.06771434756841577
Germany,2020-04-14,131359,68200,3294,1287.0,3900.0,100.0,24874.20090365033,-0.09608843716590776
Germany,2020-04-15,134753,72600,3804,3394.0,4400.0,510.0,24714.743631700283,-0.006410548526471271
Germany,2020-04-16,137698,77000,4052,2945.0,4400.0,248.0,24129.065970028816,-0.02369750098966228
Germany,2020-04-17,141397,83114,4352,3699.0,6114.0,300.0,24381.056545738986,0.01044344509742623
Germany,2020-04-18,143342,85400,4459,1945.0,2286.0,107.0,22843.048467776276,-0.06308209306177515
Germany,2020-04-19,145184,88000,4586,1842.0,2600.0,127.0,21421.755829522524,-0.06221991956365669
Germany,2020-04-20,147065,91500,4862,1881.0,3500.0,276.0,20242.504996733594,-0.055049214554286796
Germany,2020-04-21,148291,95200,5033,1226.0,3700.0,171.0,18576.718568628796,-0.08229151621173347
Germany,2020-04-22,150648,99400,5279,2357.0,4200.0,246.0,18279.901630253255,-0.015977899287164088
Germany,2020-04-23,153129,103300,5575,2481.0,3900.0,296.0,18149.48711164565,-0.007134311838514984
Germany,2020-04-24,154999,109800,5760,1870.0,6500.0,185.0,17426.703238553415,-0.039823928282163856
Germany,2020-04-25,156513,109800,5877,1514.0,0.0,117.0,16451.17420447436,-0.05597897782070882
Germany,2020-04-26,157770,112000,5976,1257.0,2200.0,99.0,15358.006460978022,-0.066449223010417
Germany,2020-04-27,158758,114500,6126,988.0,2500.0,150.0,14152.005537981162,-0.07852587678362388
Germany,2020-04-28,159912,117400,6314,1154.0,2900.0,188.0,13284.290461126711,-0.06131392999569396
Germany,2020-04-29,161539,120400,6467,1627.0,3000.0,153.0,13013.534680965753,-0.0203816516172437
Germany,2020-04-30,163009,123500,6623,1470.0,3100.0,156.0,12624.458297970647,-0.029897825036282355
Germany,2020-05-01,164077,126900,6736,1068.0,3400.0,113.0,11888.964255403413,-0.05825945361041451
Germany,2020-05-02,164967,129000,6812,890.0,2100.0,76.0,11080.540790345784,-0.06799780432430935
Germany,2020-05-03,165664,130600,6866,697.0,1600.0,54.0,10194.606391724958,-0.07995407583289793
Germany,2020-05-04,166152,132700,6993,488.0,2100.0,127.0,9226.234050049965,-0.09498869347825223
Germany,2020-05-05,167007,135100,6993,855.0,2400.0,0.0,8763.200614328542,-0.050186612783675866
Germany,2020-05-06,168162,139900,7275,1155.0,4800.0,282.0,8666.314812281607,-0.011055983573914574
Germany,2020-05-07,169430,141700,7392,1268.0,1800.0,117.0,8696.26983909852,0.0034564895766839854
Germany,2020-05-08,170588,141700,7510,1158.0,0.0,118.0,8611.94557637016,-0.009696601449651121
Germany,2020-05-09,171324,143300,7549,736.0,1600.0,39.0,8117.66763688871,-0.05739445693173817
Germany,2020-05-10,171879,144400,7569,555.0,1100.0,20.0,7513.000831618895,-0.07448775095472715
Germany,2020-05-11,172576,145617,7661,697.0,1217.0,92.0,7136.714998530482,-0.05008462550739945
Germany,2020-05-12,173171,147200,7738,595.0,1583.0,77.0,6712.184284454699,-0.059485451522611976
Germany,2020-05-13,174098,148700,7861,927.0,1500.0,123.0,6680.300815246886,-0.004750088474426262
Germany,2020-05-14,174478,150300,7884,380.0,1600.0,23.0,6105.972127354474,-0.08597347691013912
Germany,2020-05-15,175233,151597,7897,755.0,1297.0,13.0,5988.690394875263,-0.01920770845870612
Germany,2020-05-16,175752,152600,7938,519.0,1003.0,41.0,5652.163195607369,-0.05619378813703124
Germany,2020-05-17,176369,154011,7962,617.0,1411.0,24.0,5461.711310520603,-0.03369539740727545
Germany,2020-05-18,176551,155041,8003,182.0,1030.0,41.0,4863.466837589089,-0.1095342538114652
Germany,2020-05-19,177778,155681,8081,1227.0,640.0,78.0,5395.685860790648,0.10943202472115354
Germany,2020-05-20,178473,156966,8144,695.0,1285.0,63.0,5319.873594963413,-0.014050533663968023
Germany,2020-05-21,179021,158087,8203,548.0,1121.0,59.0,5107.891652825783,-0.03984717650778835
Germany,2020-05-22,179710,159064,8228,689.0,977.0,25.0,5067.192845279243,-0.007967829059965514
Germany,2020-05-23,179986,159716,8261,276.0,652.0,33.0,4619.308153096494,-0.08838911520804116
Germany,2020-05-24,180328,160281,8283,342.0,565.0,22.0,4301.406988368423,-0.06882008175076382
Germany,2020-05-25,180600,161199,8309,272.0,918.0,26.0,3958.920275744363,-0.07962201985308293
Germany,2020-05-26,181200,161967,8372,600.0,768.0,63.0,3993.3602363523114,0.008699331688732492
Germany,2020-05-27,181524,162820,8428,324.0,853.0,56.0,3746.8802025876957,-0.06172246408447235
Germany,2020-05-28,182196,163360,8470,672.0,540.0,42.0,3883.6116022180254,0.0364920659955712
Germany,2020-05-29,182922,164245,8504,726.0,885.0,34.0,4054.8099447583077,0.04408225128447629
Germany,2020-05-30,183189,164908,8530,267.0,663.0,26.0,3742.5513812214067,-0.07700942036520375
Germany,2020-05-31,183410,165352,8540,221.0,444.0,10.0,3428.901183904063,-0.08380651736436062
Germany,2020-06-01,183594,165632,8555,184.0,280.0,15.0,3123.058157632054,-0.0891956372810323
Germany,2020-06-02,183879,166609,8563,285.0,977.0,8.0,2961.9069922560466,-0.05160043689298266
Germany,2020-06-03,184121,167453,8602,242.0,844.0,39.0,2780.7774219337543,-0.06115302431705605
Germany,2020-06-04,184472,167909,8635,351.0,456.0,33.0,2734.523504514647,-0.016633448277547647
Germany,2020-06-05,184924,168480,8658,452.0,571.0,23.0,2795.8772895839834,0.022436737138314067
Germany,2020-06-06,185450,168958,8673,526.0,478.0,15.0,2922.4662482148433,0.04527700807988455
Germany,2020-06-07,185750,169224,8685,300.0,266.0,12.0,2804.9710698984372,-0.040204118144453016
Germany,2020-06-08,186109,169556,8695,359.0,332.0,10.0,2763.2609170558035,-0.014870083078662222
Germany,2020-06-09,186506,170129,8736,397.0,573.0,41.0,2765.5093574764032,0.0008136909572027395
Germany,2020-06-10,186522,170630,8752,16.0,501.0,16.0,2386.4365921226317,-0.1370715902041586
Germany,2020-06-11,186691,170961,8772,169.0,331.0,20.0,2214.517078962256,-0.07204026024737609
Germany,2020-06-12,187226,171535,8783,535.0,574.0,11.0,2433.1574962533623,0.09873051753277196
Germany,2020-06-13,187267,171970,8793,41.0,435.0,10.0,2126.563568217168,-0.12600661013859382
Germany,2020-06-14,187518,172089,8801,251.0,119.0,8.0,2073.7687727575726,-0.02482634248448845
Germany,2020-06-15,187682,172692,8807,164.0,603.0,6.0,1941.5160909350623,-0.06377407334890506
Germany,2020-06-16,188252,172842,8820,570.0,150.0,13.0,2234.1566493729106,0.15072785634081898
Germany,2020-06-17,188604,173599,8851,352.0,757.0,31.0,2266.991413748209,0.014696715373344382
Germany,2020-06-18,189817,173847,8875,1213.0,248.0,24.0,3156.135497498465,0.3922132560176568
Germany,2020-06-19,190299,173972,8887,482.0,125.0,12.0,3187.2589978558276,0.009861268751620633
Germany,2020-06-20,190670,174609,8895,371.0,637.0,8.0,3102.9362838764237,-0.026456185090741102
Germany,2020-06-21,191272,174740,8895,602.0,131.0,0.0,3261.6596718940777,0.05115264172275058
Germany,2020-06-22,191768,175143,8899,496.0,403.0,4.0,3291.708290194924,0.009212677386232881
Germany,2020-06-23,192480,175825,8914,712.0,682.0,15.0,3533.4642487385063,0.07344391945777984
Germany,2020-06-24,192871,176422,8928,391.0,597.0,14.0,3419.6836417758627,-0.03220086548300716
Germany,2020-06-25,193371,176764,8940,500.0,342.0,12.0,3431.1574072364538,0.0033552125466882465
Germany,2020-06-26,194036,177149,8965,665.0,385.0,25.0,3605.992063345532,0.05095500886678783
Germany,2020-06-27,194458,177518,8968,422.0,369.0,3.0,3512.8503400104564,-0.02582970835733389
Germany,2020-06-28,194693,177657,8968,235.0,139.0,0.0,3246.01457715182,-0.07595990065942926
Germany,2020-06-29,195042,177770,8976,349.0,113.0,8.0,3131.2982089872744,-0.03534068176157179
Germany,2020-06-30,195418,178100,8990,376.0,330.0,14.0,3059.969893417664,-0.022779151268597753
Germany,2020-07-01,195893,179100,8995,475.0,1000.0,5.0,3097.8313372151406,0.012373142585134778
Germany,2020-07-02,196370,179800,9006,477.0,700.0,11.0,3132.2840033272637,0.011121543545070889
Germany,2020-07-03,196780,180300,9010,410.0,500.0,4.0,3094.8148599947976,-0.011962243299989517
Germany,2020-07-04,197198,181000,9020,418.0,700.0,10.0,3070.6984514241126,-0.0077925206067821495
Germany,2020-07-05,197523,181719,9023,325.0,719.0,3.0,2957.027244077811,-0.03701802998388981
Germany,2020-07-06,198064,182160,9022,541.0,441.0,-1.0,3075.5947806381237,0.040096869853929906
Germany,2020-07-07,198343,182661,9032,279.0,501.0,10.0,2915.2240976898206,-0.052142981890166085
Germany,2020-07-08,198699,183153,9046,356.0,492.0,14.0,2854.7635123055607,-0.020739601265018393
Germany,2020-07-09,199001,183728,9057,302.0,575.0,11.0,2748.9401534047665,-0.03706904563009816
Germany,2020-07-10,199332,184028,9063,331.0,300.0,6.0,2687.2344172040857,-0.022447100612304594
Germany,2020-07-11,199709,184266,9070,377.0,238.0,7.0,2680.3437861749308,-0.0025642091307852555
Germany,2020-07-12,199919,184414,9071,210.0,148.0,1.0,2507.4375310070836,-0.06450898428018392
Germany,2020-07-13,200180,185100,9074,261.0,686.0,3.0,2410.2321694346433,-0.038766812879840296
Germany,2020-07-14,200456,185100,9078,276.0,0.0,4.0,2341.9132880868374,-0.028345352872719776
Germany,2020-07-15,200890,186000,9080,434.0,900.0,2.0,2441.3542469315753,0.04246141791439828
Germany,2020-07-16,201450,186400,9087,560.0,400.0,7.0,2652.5893545127788,0.08652374306051458
Germany,2020-07-17,202045,186900,9088,595.0,500.0,1.0,2868.6480181538104,0.08145198323798475
Germany,2020-07-18,202426,187200,9091,381.0,300.0,3.0,2839.841158417552,-0.010041963863798742
Germany,2020-07-19,202735,187400,9092,309.0,200.0,1.0,2743.149564357902,-0.03404824025915931
Germany,2020-07-20,203325,188070,9094,590.0,670.0,2.0,2941.271055163916,0.07222409356756643
Germany,2020-07-21,203717,188221,9099,392.0,151.0,5.0,2913.0894758547856,-0.009581428838274841
Germany,2020-07-22,204276,188628,9102,559.0,407.0,3.0,3055.9338364469595,0.049035349506475034
Germany,2020-07-23,204881,189140,9110,605.0,512.0,8.0,3224.3718598116798,0.05511834757540357
Germany,2020-07-24,205623,189696,9120,742.0,556.0,10.0,3505.7473084100116,0.08726519794610965
Germany,2020-07-25,206278,189919,9124,655.0,223.0,4.0,3659.9262643514385,0.04397891301850643
Germany,2020-07-26,206667,190055,9124,389.0,136.0,0.0,3526.079655158376,-0.0365708485705738
Germany,2020-07-27,207112,190314,9125,445.0,259.0,1.0,3467.3539901357512,-0.016654662051299396
Germany,2020-07-28,207707,190711,9131,595.0,397.0,6.0,3567.017705830644,0.0287434498982293
Germany,2020-07-29,208546,191279,9135,839.0,568.0,4.0,3896.443747854838,0.09235335206935313
Germany,2020-07-30,209535,191551,9144,989.0,272.0,9.0,4328.808926732719,0.1109640500048068
Germany,2020-07-31,210399,191992,9147,864.0,441.0,3.0,4574.407651485188,0.05673586635708605
Germany,2020-08-01,211005,192636,9154,606.0,644.0,7.0,4526.920844130162,-0.010380974100462681
Germany,2020-08-02,211220,192908,9154,215.0,272.0,0.0,4095.217866397282,-0.09536349156461355
Germany,2020-08-03,212111,193594,9154,891.0,686.0,0.0,4401.1867426262415,0.07471369929779392
Germany,2020-08-04,212828,194173,9163,717.0,579.0,9.0,4489.445779393922,0.02005346328818014
Germany,2020-08-05,214113,194568,9179,1285.0,395.0,16.0,5133.096382337648,0.14336972414234594
Germany,2020-08-06,215039,195281,9181,926.0,713.0,2.0,5325.796899146556,0.03754079457225212
Germany,2020-08-07,216196,195935,9195,1157.0,654.0,14.0,5721.968770697048,0.07438734128482771
Germany,2020-08-08,216903,196550,9201,707.0,615.0,6.0,5611.54466059747,-0.019298272067662103
Germany,2020-08-09,217288,196783,9202,385.0,233.0,1.0,5194.89542336926,-0.07424858259683687
Germany,2020-08-10,218508,197382,9203,1220.0,599.0,1.0,5672.767505745081,0.09198877810438888
Germany,2020-08-11,219540,198347,9208,1032.0,965.0,5.0,5894.372147781498,0.03906464381132979
Germany,2020-08-12,220859,198991,9213,1319.0,644.0,5.0,6371.318983812713,0.08091563004055091
Germany,2020-08-13,222281,199654,9217,1422.0,663.0,4.0,6883.130557553754,0.08033055243998533
Germany,2020-08-14,223791,200440,9230,1510.0,786.0,13.0,7409.8261921889325,0.07651977980530478
Germany,2020-08-15,224488,200756,9235,697.0,316.0,5.0,7048.2795933048,-0.04879285822726276
Germany,2020-08-16,225007,201187,9235,519.0,431.0,0.0,6560.382508546972,-0.06922215248403096
Germany,2020-08-17,226700,202249,9236,1693.0,1062.0,1.0,7316.185007325976,0.1152070779096086
Germany,2020-08-18,228120,203677,9241,1420.0,1428.0,5.0,7691.015720565122,0.05123308293377127
Germany,2020-08-19,229706,204454,9249,1586.0,777.0,8.0,8178.29918905582,0.06335749219543829
Germany,2020-08-20,231292,205359,9263,1586.0,905.0,14.0,8595.970733476417,0.05107070978517436
Germany,2020-08-21,233029,206656,9266,1737.0,1297.0,3.0,9104.974914408358,0.05921427570124904
Germany,2020-08-22,233861,207606,9272,832.0,950.0,6.0,8636.264212350023,-0.05147852755932525
Germany,2020-08-23,234494,207985,9275,633.0,379.0,3.0,8035.512182014306,-0.06956156221768084
Germany,2020-08-24,236122,208653,9276,1628.0,668.0,1.0,8515.581870297978,0.059743508243096155
Germany,2020-08-25,237583,210333,9281,1461.0,1680.0,5.0,8760.070174541124,0.028710698571980497
Germany,2020-08-26,239010,211691,9285,1427.0,1358.0,4.0,8935.631578178107,0.020041095577887802
Germany,2020-08-27,240571,212909,9290,1561.0,1218.0,5.0,9220.11278129552,0.03183672028423268
Germany,2020-08-28,242126,214186,9290,1555.0,1277.0,0.0,9457.953812539017,0.025795891751562605
Germany,2020-08-29,242835,214790,9299,709.0,604.0,9.0,8815.817553604873,-0.06789378248843037
Germany,2020-08-30,243305,215283,9300,470.0,493.0,1.0,8026.415045947035,-0.0895438798339292
Germany,2020-08-31,244802,216795,9303,1497.0,1512.0,3.0,8376.784325097458,0.0436520261093829
Germany,2020-09-01,246015,218403,9307,1213.0,1608.0,4.0,8393.100850083536,0.0019478267975925334
Germany,2020-09-02,247411,219904,9322,1396.0,1501.0,15.0,8590.086442928747,0.023469942320930137
Germany,2020-09-03,248840,221525,9322,1429.0,1621.0,0.0,8791.93123679607,0.023497411255212652
Germany,2020-09-04,250283,222802,9327,1443.0,1277.0,5.0,8978.941060110918,0.02127061942115427
Germany,2020-09-05,251058,223570,9329,775.0,768.0,2.0,8471.235194380788,-0.056544069320782264
Germany,2020-09-06,251728,224215,9330,670.0,645.0,1.0,7931.058738040676,-0.06376596139113533
Germany,2020-09-07,253626,225704,9331,1898.0,1489.0,1.0,8696.050346892009,0.09645516873833171
Germany,2020-09-08,254957,227379,9336,1331.0,1675.0,5.0,8784.75744019315,0.010200848633868054
Germany,2020-09-09,256433,228784,9342,1476.0,1405.0,6.0,9005.792091594129,0.025161155889139586
Germany,2020-09-10,258149,230283,9345,1716.0,1499.0,3.0,9435.250364223539,0.04768689619542288
Germany,2020-09-11,259735,231349,9348,1586.0,1066.0,3.0,9673.357455048748,0.02523590595200953
Germany,2020-09-12,260817,231953,9352,1082.0,604.0,4.0,9373.449247184642,-0.031003527912387474
Germany,2020-09-13,261737,232541,9354,920.0,588.0,2.0,8954.385069015409,-0.04470757424702565
Germany,2020-09-14,263222,234017,9356,1485.0,1476.0,2.0,9160.187202013207,0.022983390976777374
Germany,2020-09-15,265014,235112,9367,1792.0,1095.0,11.0,9643.589030297035,0.052772046861399025
Germany,2020-09-16,266869,236623,9373,1855.0,1511.0,6.0,10120.933454540316,0.049498627818296725
Germany,2020-09-17,269048,238437,9376,2179.0,1814.0,3.0,10854.085818177415,0.07243920404478121
Germany,2020-09-18,271247,239654,9386,2199.0,1217.0,10.0,11502.502129866356,0.059739375802892125
Germany,2020-09-19,272932,240510,9388,1685.0,856.0,2.0,11544.287539885448,0.003632723519398029
Germany,2020-09-20,273965,241192,9390,1033.0,682.0,2.0,10928.1036056161,-0.053375657193260095
Germany,2020-09-21,275560,242656,9390,1595.0,1464.0,0.0,10961.945947670943,0.0030968174603920318
Germany,2020-09-22,277412,244693,9405,1852.0,2037.0,15.0,11247.953669432238,0.026090962601586387
Germany,2020-09-23,279025,245706,9423,1613.0,1013.0,18.0,11254.103145227633,0.0005467195168225025
Germany,2020-09-24,281346,247766,9436,2321.0,2060.0,13.0,11967.37412448083,0.06337874907034813
Germany,2020-09-25,283712,249164,9451,2366.0,1398.0,15.0,12623.749249554998,0.05484704649881933
Germany,2020-09-26,285026,250104,9459,1314.0,940.0,8.0,12134.35649961857,-0.03876762285607649
Germany,2020-09-27,286339,250866,9464,1313.0,762.0,5.0,11713.87699967306,-0.03465198174775297
Germany,2020-09-28,288631,252693,9468,2292.0,1827.0,4.0,12332.465999719767,0.05280822054593637
Germany,2020-09-29,290471,255212,9483,1840.0,2519.0,15.0,12410.685142616943,0.006342538702231559
Germany,2020-09-30,292913,256861,9495,2442.0,1649.0,12.0,13079.730122243094,0.05390878681860389
Germany,2020-10-01,295539,258220,9509,2626.0,1359.0,14.0,13837.19724763694,0.05791152556777246
Germany,2020-10-02,298374,259722,9518,2835.0,1502.0,9.0,14695.454783688805,0.06202538857342921
Germany,2020-10-03,300027,260916,9531,1653.0,1194.0,13.0,14249.10410030469,-0.030373383468168758
Germany,2020-10-04,301573,262002,9533,1546.0,1086.0,2.0,13759.517800261165,-0.03435909349788924
Germany,2020-10-05,304673,265624,9554,3100.0,3622.0,21.0,14893.872400223856,0.08244145008781922
Germany,2020-10-06,307127,267747,9566,2454.0,2123.0,12.0,15220.176343049021,0.02190860335423994
Germany,2020-10-07,311137,269722,9582,4010.0,1975.0,16.0,17055.865436899163,0.12060892413303037
Germany,2020-10-08,315941,271960,9594,4804.0,2238.0,12.0,19423.313231627857,0.13880549207470216
Germany,2020-10-09,320495,273718,9599,4554.0,1758.0,5.0,21202.554198538164,0.09160337094358795
Germany,2020-10-10,323463,274934,9620,2968.0,1216.0,21.0,21141.617884461284,-0.0028740081740284973
Germany,2020-10-11,326309,276983,9626,2846.0,2049.0,6.0,20967.386758109675,-0.008241144424413482
Germany,2020-10-12,332850,278391,9640,6541.0,1408.0,14.0,24513.045792665438,0.16910352613133295
Germany,2020-10-13,337314,280533,9682,4464.0,2142.0,42.0,25475.18210799895,0.03924997013718268
Germany,2020-10-14,344487,283656,9716,7173.0,3123.0,34.0,29008.870378284817,0.13871101118355988
Germany,2020-10-15,352107,286137,9739,7620.0,2481.0,23.0,32484.746038529844,0.11982113108571668
Germany,2020-10-16,359802,289027,9773,7695.0,2890.0,34.0,35539.068033025585,0.0940232683633433
Germany,2020-10-17,364664,291129,9785,4862.0,2102.0,12.0,35324.05831402193,-0.006049953780550732
Germany,2020-10-18,368671,293447,9798,4007.0,2318.0,13.0,34284.76426916166,-0.029421705615510385
Germany,2020-10-19,377068,296672,9842,8397.0,3225.0,44.0,37783.94080213856,0.10206214356632848
Germany,2020-10-20,385591,299743,9882,8523.0,3071.0,40.0,40909.23497326163,0.08271488110488923
Germany,2020-10-21,397922,304173,9911,12331.0,4430.0,29.0,47396.058548509965,0.15856624010417542
Germany,2020-10-22,403874,308779,9960,5952.0,4606.0,49.0,46577.19304157997,-0.01727708024691299
Germany,2020-10-23,417350,312347,9978,13476.0,3568.0,18.0,53399.30832135426,0.146469008419724
Germany,2020-10-24,427808,316124,10035,10458.0,3777.0,57.0,56228.83570401794,0.05298809051300313
Germany,2020-10-25,437698,320004,10062,9890.0,3880.0,27.0,58086.14488915824,0.033031258106018146
Germany,2020-10-26,450258,325052,10091,12560.0,5048.0,29.0,62348.124190707065,0.07337342338145625
Germany,2020-10-27,463419,327697,10121,13161.0,2645.0,30.0,66602.24930632034,0.06823180602195822
Germany,2020-10-28,479621,336764,10218,16202.0,9067.0,97.0,73289.6422625603,0.10040791453578346
Germany,2020-10-29,498354,340436,10305,18733.0,3672.0,87.0,81552.69336790883,0.11274514174521588
Germany,2020-10-30,517736,351921,10391,19382.0,11485.0,86.0,89284.30860106471,0.09480514884132929
Germany,2020-10-31,531790,356410,10483,14054.0,4489.0,92.0,90583.40737234119,0.014550135310797296
Germany,2020-11-01,544346,363545,10513,12556.0,7135.0,30.0,90198.92060486387,-0.004244560661058938
Germany,2020-11-02,569598,372499,10669,25252.0,8954.0,156.0,102565.36051845475,0.1371018614265327
Germany,2020-11-03,577131,373391,10717,7533.0,892.0,48.0,95446.1661586755,-0.0694112936745177
Germany,2020-11-04,608611,384012,10949,31480.0,10621.0,232.0,113290.99956457902,0.18696228590509523
Germany,2020-11-05,631172,394616,11110,22561.0,10604.0,161.0,119667.57105535344,0.05628489037330464
Germany,2020-11-06,653992,405809,11240,22820.0,11193.0,130.0,125392.20376173154,0.04783779478343475
Germany,2020-11-07,668114,413484,11306,14122.0,7675.0,66.0,121601.0317957699,-0.03023451101605623
Germany,2020-11-08,682624,421151,11372,14510.0,7667.0,66.0,118739.45582494563,-0.023532497451422274
Germany,2020-11-09,689146,443621,11408,6522.0,22470.0,36.0,108298.67642138198,-0.08793016045952073
Germany,2020-11-10,715693,446402,11781,26547.0,2781.0,373.0,119374.43693261314,0.10227050668778448
Germany,2020-11-11,738094,460504,11994,22401.0,14102.0,213.0,124721.94594223985,0.04479609828564368
Germany,2020-11-12,762832,474208,12216,24738.0,13704.0,222.0,131642.52509334846,0.055488062656700476
Germany,2020-11-13,785093,487913,12404,22261.0,13705.0,188.0,135097.45008001296,0.02624474867991622
Germany,2020-11-14,799733,498996,12511,14640.0,11083.0,107.0,130437.81435429683,-0.03449092283352806
Germany,2020-11-15,802946,505714,12573,3213.0,6718.0,62.0,115016.84087511158,-0.11822471539808699
Germany,2020-11-16,817526,522313,12833,14580.0,16599.0,260.0,113165.8636072385,-0.016093097791504474
Germany,2020-11-17,843757,537347,13138,26231.0,15034.0,305.0,123230.3116633473,0.08893537092633497
Germany,2020-11-18,867484,554272,13390,23727.0,16925.0,252.0,129352.98142572626,0.04968477057094112
Germany,2020-11-19,891525,570961,13662,24041.0,16689.0,272.0,134914.98407919396,0.04299864287752331
Germany,2020-11-20,914118,587780,13918,22593.0,16819.0,256.0,138234.4149250234,0.024603870863453947
Germany,2020-11-21,927990,600991,14061,13872.0,13211.0,143.0,132358.64136430577,-0.042505866313425344
Germany,2020-11-22,932367,611627,14159,4377.0,10636.0,98.0,117827.26402654781,-0.10978790041944897
Germany,2020-11-23,946822,630375,14460,14455.0,18748.0,301.0,115449.797737041,-0.020177556604990432
Germany,2020-11-24,963192,649070,14832,16370.0,18695.0,372.0,115326.96948889228,-0.0010639104663351384
Germany,2020-11-25,995879,666373,15210,32687.0,17303.0,378.0,131538.68813333625,0.14057179093746508
Germany,2020-11-26,1017830,685537,15640,21951.0,19164.0,430.0,134698.44697143108,0.02402151703757216
Germany,2020-11-27,1038649,705213,16011,20819.0,19676.0,371.0,136274.81168979808,0.011702916802755148
Germany,2020-11-28,1052494,718604,16181,13845.0,13391.0,170.0,130651.98144839836,-0.041260965043187436
Germany,2020-11-29,1055691,730797,16306,3197.0,12193.0,125.0,115184.41267005575,-0.11838755606206863
Germany,2020-11-30,1069912,749219,16694,14221.0,18422.0,388.0,112950.4965743335,-0.019394256947954158
Germany,2020-12-01,1094678,769380,17177,24766.0,20161.0,483.0,121580.71134942872,0.07640705474380627
Germany,2020-12-02,1117953,789564,17659,23275.0,20184.0,482.0,127487.03829951034,0.04857947354088554
Germany,2020-12-03,1141544,811091,18097,23591.0,21527.0,438.0,132865.60425672316,0.04218911999960917
Germany,2020-12-04,1157514,831935,18577,15970.0,20844.0,480.0,129854.80364861987,-0.022660496860314683
Germany,2020-12-05,1183640,852580,18839,26126.0,20645.0,262.0,137430.11741310277,0.05833680042350453
Germany,2020-12-06,1194550,868285,18989,10910.0,15705.0,150.0,128707.24349694523,-0.06347134151051725
Germany,2020-12-07,1200006,888701,19434,5456.0,20416.0,445.0,115776.49442595306,-0.10046636630283412
Germany,2020-12-08,1229269,909058,20002,29263.0,20357.0,568.0,128499.99522224549,0.10989709836507422
Germany,2020-12-09,1254358,929272,20460,25089.0,20214.0,458.0,135231.85304763902,0.05238800058903137
Germany,2020-12-10,1287092,949913,21064,32734.0,20641.0,604.0,148647.0168979763,0.09920121293916928
Germany,2020-12-11,1314309,966238,21567,27217.0,16325.0,503.0,154628.728769694,0.04024104887233104
Germany,2020-12-12,1336101,975931,21900,21792.0,9693.0,333.0,154330.91037402343,-0.0019260224024355566
Germany,2020-12-13,1350810,990707,22106,14709.0,14776.0,206.0,146992.63746344866,-0.04754895109988244
Germany,2020-12-14,1357261,1012077,22634,6451.0,21370.0,528.0,132444.68925438458,-0.0989705910452936
Germany,2020-12-15,1391086,1031721,23544,33825.0,19644.0,910.0,147349.0193609011,0.11253248575252406
Germany,2020-12-16,1423830,1056477,24273,32744.0,24756.0,729.0,159043.15945220093,0.07936354203116514
Germany,2020-12-17,1454009,1078944,25027,30179.0,22467.0,754.0,166501.70810188653,0.04689638130539775
Germany,2020-12-18,1486839,1095982,25754,32830.0,17038.0,727.0,175545.74980161703,0.05431801152572091
Germany,2020-12-19,1508518,1107115,26171,21679.0,11133.0,417.0,172146.78554424318,-0.01936227029828408
Germany,2020-12-20,1514962,1123725,26400,6444.0,16610.0,229.0,153998.3876093513,-0.10542397220787825
Germany,2020-12-21,1534218,1147943,27110,19256.0,24218.0,710.0,151254.61795087255,-0.017816872637906433
Germany,2020-12-22,1570371,1171444,28096,36153.0,23501.0,986.0,165799.8153864622,0.0961636585556278
Germany,2020-12-23,1604129,1197472,28909,33758.0,26028.0,813.0,175872.12747411046,0.060749838980041826
Germany,2020-12-24,1630596,1220277,29330,26467.0,22805.0,421.0,177214.53783495183,0.007632877250768333
Germany,2020-12-25,1632736,1235968,29580,2140.0,15691.0,250.0,154038.1752871016,-0.13078138414036589
Germany,2020-12-26,1646240,1253285,29946,13504.0,17317.0,366.0,145536.7216746585,-0.055190562966600965
Germany,2020-12-27,1658639,1272032,30297,12399.0,18747.0,351.0,137144.7614354216,-0.05766214974937256
Germany,2020-12-28,1672643,1294932,31145,14004.0,22900.0,848.0,131556.65265893278,-0.04074606071716502
Germany,2020-12-29,1692109,1319757,32267,19466.0,24825.0,1122.0,132228.8451362281,0.005109528584905654
Germany,2020-12-30,1741153,1345952,33230,49044.0,26195.0,963.0,162383.01011676696,0.22804528731588536
Germany,2020-12-31,1760520,1350708,33791,19367.0,4756.0,561.0,158552.43724294312,-0.023589739290270195
Germany,2021-01-01,1762637,1388744,34145,2117.0,38036.0,354.0,138019.08906537984,-0.12950509329667959
Germany,2021-01-02,1773540,1400810,34480,10903.0,12066.0,335.0,129205.07634175416,-0.06386082376946045
Germany,2021-01-03,1783896,1422151,34791,10356.0,21341.0,311.0,121103.20829293215,-0.06270549329959874
Germany,2021-01-04,1796216,1445442,35748,12320.0,23291.0,957.0,116122.74996537041,-0.04112573397324604
Germany,2021-01-05,1814565,1472311,36757,18349.0,26869.0,1009.0,117882.78568460322,0.015156683076810396
Germany,2021-01-06,1841228,1496182,37835,26663.0,23871.0,1078.0,127705.38772965991,0.08332516056531936
Germany,2021-01-07,1886561,1517019,38987,45333.0,20837.0,1152.0,154794.76091113707,0.2121239648778388
Germany,2021-01-08,1905638,1533143,40022,19077.0,16124.0,1035.0,151758.2236381175,-0.0196165377635924
Germany,2021-01-09,1928462,1546206,40597,22824.0,13063.0,575.0,152902.4774041007,0.007539978648615442
Germany,2021-01-10,1929410,1566907,40936,948.0,20701.0,339.0,132007.26634637202,-0.13665711251038426
Germany,2021-01-11,1941116,1590171,41799,11706.0,23264.0,863.0,124855.08543974746,-0.05418020617030317
Germany,2021-01-12,1968326,1616761,42889,27210.0,26590.0,1090.0,134228.6446626407,0.07507551005935387
Germany,2021-01-13,1993892,1640682,44096,25566.0,23921.0,1207.0,140619.12399654917,0.047608909037037295
Germany,2021-01-14,2015235,1661394,45207,21343.0,20712.0,1111.0,141873.67771132785,0.008921643650755984
Germany,2021-01-15,2023828,1664176,45705,8593.0,2782.0,498.0,130199.00946685245,-0.08228917747681141
Germany,2021-01-16,2038645,1680479,46464,14817.0,16303.0,759.0,126416.15097158782,-0.029054433753028852
Germany,2021-01-17,2050129,1709540,46901,11484.0,29061.0,437.0,119840.70083278957,-0.05201432007114415
Germany,2021-01-18,2059382,1713196,47263,9253.0,3656.0,362.0,111973.60071381964,-0.06564631268258914
Germany,2021-01-19,2071615,1757713,48997,12233.0,44517.0,1734.0,108210.37204041684,-0.03360817772593383
Germany,2021-01-20,2100618,1778319,50010,29003.0,20606.0,1013.0,121754.74746321444,0.12516707194887688
Germany,2021-01-21,2108895,1797648,50876,8277.0,19329.0,866.0,112638.21211132668,-0.07487622077851319
Germany,2021-01-22,2125261,1813894,51713,16366.0,16246.0,837.0,112913.03895256572,0.002439907701725863
Germany,2021-01-23,2137691,1826161,51873,12430.0,12267.0,160.0,109212.6048164849,-0.032772425314275266
Germany,2021-01-24,2147769,1840970,52296,10078.0,14809.0,423.0,103688.80412841564,-0.050578417183173796
Germany,2021-01-25,2154656,1859936,53127,6887.0,18966.0,831.0,95763.11782435626,-0.07643724286995957
Germany,2021-01-26,2164043,1881933,53619,9387.0,21997.0,492.0,91469.6724208768,-0.04483401857648661
Germany,2021-01-27,2179679,1881933,54498,15636.0,0.0,879.0,94038.57636075155,0.028084761559596938
Germany,2021-01-28,2194562,1915501,55883,14883.0,33568.0,1385.0,95487.49402350133,0.015407694574101516
Germany,2021-01-29,2207393,1917964,56286,12831.0,2463.0,403.0,94677.42344871543,-0.00848352533564789
Germany,2021-01-30,2224911,1938929,57105,17518.0,20965.0,819.0,98670.0772417561,0.04217112852889793
Germany,2021-01-31,2225659,1940046,57163,748.0,1117.0,58.0,85322.35192150524,-0.13527632381949983
Germany,2021-02-01,2232327,1967132,58059,6668.0,27086.0,896.0,79801.44450414735,-0.06470646076935394
Germany,2021-02-02,2240017,1986214,58992,7690.0,19082.0,933.0,76091.23814641203,-0.04649297241157713
Germany,2021-02-03,2252504,2003831,59776,12487.0,17617.0,784.0,77708.06126835317,0.02124847960589249
Germany,2021-02-04,2265536,2020303,60634,13032.0,16472.0,858.0,79638.90965858843,0.024847465741905106
Germany,2021-02-05,2276371,2033168,61324,10835.0,12865.0,690.0,79096.92256450436,-0.006805556434757332
Germany,2021-02-06,2285003,2041988,61551,8632.0,8820.0,227.0,76429.3621981466,-0.0337252105375192
Germany,2021-02-07,2291673,2052656,61708,6670.0,10668.0,157.0,72180.88188412566,-0.05558701776166286
Germany,2021-02-08,2296323,2054340,62191,4650.0,1684.0,483.0,66519.32732925058,-0.07843565230975924
Germany,2021-02-09,2302051,2081966,63006,5728.0,27626.0,815.0,62744.566282214786,-0.05674683131342961
Germany,2021-02-10,2311297,2096775,63672,9246.0,14809.0,666.0,63027.05681332696,0.004502230995455214
Germany,2021-02-11,2321225,2109508,64224,9928.0,12733.0,552.0,63951.19155428026,0.014662508257213824
Germany,2021-02-12,2330422,2120342,64771,9197.0,10834.0,547.0,64012.307046525944,0.0009556583819678721
Germany,2021-02-13,2336906,2128002,64990,6484.0,7660.0,219.0,61351.6917541651,-0.04156412126229159
Germany,2021-02-14,2341744,2136933,65107,4838.0,8931.0,117.0,57425.164360712944,-0.0640003116651724
Germany,2021-02-15,2346876,2148269,65288,5132.0,11336.0,181.0,54353.56945203967,-0.05348865680869841
Germany,2021-02-16,2352766,2161100,65829,5890.0,12831.0,541.0,52478.77381603401,-0.03449259459693699
Germany,2021-02-17,2362364,2172312,66732,9598.0,11212.0,903.0,54579.80612802915,0.04003584991067766
Germany,2021-02-18,2372209,2182370,67245,9845.0,10058.0,513.0,56627.69096688213,0.0375209254875184
Germany,2021-02-19,2381259,2191208,67741,9050.0,8838.0,496.0,57588.02082875612,0.016958661839763467
Germany,2021-02-20,2388421,2197065,67883,7162.0,5857.0,142.0,56523.16071036239,-0.018491000438445315
Germany,2021-02-21,2394515,2204110,67946,6094.0,7045.0,63.0,54542.423466024906,-0.03504293141863091
Germany,2021-02-22,2399499,2212439,68363,4984.0,8329.0,417.0,51734.64868516421,-0.05147873164472949
Germany,2021-02-23,2405263,2221972,68785,5764.0,9533.0,422.0,50107.984587283616,-0.031442449871068145
Germany,2021-02-24,2416037,2231073,69170,10774.0,9101.0,385.0,53723.70107481453,0.07215848965612781
Germany,2021-02-25,2427069,2232050,69343,11032.0,977.0,173.0,57080.88663555532,0.06248984142149183
Germany,2021-02-26,2436506,2247173,69939,9437.0,15123.0,596.0,58363.47425904742,0.022469651385778944
Germany,2021-02-27,2444177,2252970,70092,7671.0,5797.0,153.0,57696.835079183504,-0.011422198358257862
Germany,2021-02-28,2450295,2259548,70152,6118.0,6578.0,60.0,55572.43006787158,-0.03682013074714363
Germany,2021-03-01,2455569,2260719,70514,5274.0,1171.0,362.0,52907.51148674707,-0.04795396886315395
Germany,2021-03-02,2462061,2277626,70926,6492.0,16907.0,412.0,51841.29556006892,-0.02015244899479407
Germany,2021-03-03,2472913,2286728,71285,10852.0,9102.0,359.0,55287.39619434479,0.06647404539268975
Germany,2021-03-04,2484306,2295405,71554,11393.0,8677.0,269.0,58782.19673800982,0.06321152349769199
Germany,2021-03-05,2493887,2302899,71852,9581.0,7494.0,298.0,59965.74006115128,0.02013438402815182
Germany,2021-03-06,2502151,2308094,71951,8264.0,5195.0,99.0,59663.2057667011,-0.005045118998642573
Germany,2021-03-07,2508655,2314400,71984,6504.0,6306.0,33.0,57643.89065717238,-0.033845233147960285
Germany,2021-03-08,2513784,2322734,72236,5129.0,8334.0,252.0,54538.049134719186,-0.05387980386203761
Germany,2021-03-09,2520618,2331890,72534,6834.0,9156.0,298.0,53580.89925833073,-0.017550130442402057
Germany,2021-03-10,2541781,2340473,72858,21163.0,8583.0,324.0,67089.48507856921,0.2521156980794452
Germany,2021-03-11,2546526,2349384,73120,4745.0,8911.0,262.0,62250.2729244879,-0.07213070943105404
Germany,2021-03-12,2559296,2356590,73348,12770.0,7206.0,228.0,66127.3767924182,0.06228251999205514
Germany,2021-03-13,2569864,2357374,73369,10568.0,784.0,21.0,67248.6086792156,0.016955638363171044
Germany,2021-03-14,2578842,2368995,73463,8978.0,11621.0,94.0,66619.6645821848,-0.009352522072700986
Germany,2021-03-15,2585385,2377584,73701,6543.0,8589.0,238.0,63645.569641872695,-0.044642898744156057
Germany,2021-03-16,2603064,2387232,73952,17679.0,9648.0,251.0,72232.34540731946,0.13491553007952795
Germany,2021-03-17,2610769,2387743,74043,7705.0,511.0,91.0,69618.43892055954,-0.0361874790583091
Germany,2021-03-18,2639258,2405600,74402,28489.0,17857.0,359.0,88161.94764619389,0.26635915733178184
Germany,2021-03-19,2654734,2413584,74608,15476.0,7984.0,206.0,91043.38369673763,0.032683443679208946
Germany,2021-03-20,2669233,2419292,74706,14499.0,5708.0,98.0,92536.18602577511,0.01639660421684197
Germany,2021-03-21,2670001,2426700,74756,768.0,7408.0,50.0,80084.73087923581,-0.13455768690392167
Germany,2021-03-22,2678262,2437183,75009,8261.0,10483.0,253.0,76905.05503934498,-0.03970389617323733
Germany,2021-03-23,2699231,2448828,75255,20969.0,11645.0,246.0,86887.61860515285,0.12980373735771655
Germany,2021-03-24,2722988,2460019,75484,23757.0,11191.0,229.0,98232.10166155959,0.13056501304242163
Germany,2021-03-25,2744608,2471558,75669,21620.0,11539.0,185.0,105818.9442813368,0.0772338420073333
Germany,2021-03-26,2765297,2481908,75828,20689.0,10350.0,159.0,111390.95224114583,0.05265605320154165
Germany,2021-03-27,2782925,2489198,75915,17628.0,7290.0,87.0,113105.95906383928,0.015396284780658798
Germany,2021-03-28,2784652,2499010,75959,1727.0,9812.0,44.0,98674.96491186225,-0.1275882744942899
Germany,2021-03-29,2794949,2511417,76139,10297.0,12407.0,180.0,94875.54135302479,-0.03850443283391236
Germany,2021-03-30,2818630,2525580,76389,23681.0,14163.0,250.0,105002.89258830698,0.10674354096804639
Germany,2021-03-31,2843644,2539660,76589,25014.0,14080.0,200.0,115016.47936140599,0.09536486592193283
Germany,2021-04-01,2866323,2552020,76823,22679.0,12360.0,234.0,121264.553738348,0.05432329707562378
Germany,2021-04-02,2882356,2566530,76940,16033.0,14510.0,117.0,119974.04606144114,-0.010642084905465254
Germany,2021-04-03,2886029,2575740,77010,3673.0,9210.0,70.0,106507.89662409242,-0.11224218803500574
Germany,2021-04-04,2896329,2585850,77060,10300.0,10110.0,50.0,101592.48282065065,-0.04615069829789398
Germany,2021-04-05,2902309,2587580,77136,5980.0,1730.0,76.0,93059.27098912913,-0.08399452001370888
Germany,2021-04-06,2909902,2604890,77245,7593.0,17310.0,109.0,87358.08941925355,-0.0612639827206638
Germany,2021-04-07,2940279,2638320,77755,30377.0,33430.0,510.0,105255.3623593602,0.20487253165775088
Germany,2021-04-08,2966789,2640300,78049,26510.0,1980.0,294.0,116728.88202230874,0.10900650955697566
Germany,2021-04-09,2990724,2654930,78295,23935.0,14630.0,246.0,123988.32744769321,0.06219065324378836
Germany,2021-04-10,3009452,2668910,78402,18728.0,13980.0,107.0,125003.7092408799,0.008189333738815474
Germany,2021-04-11,3012158,2692230,78500,2706.0,23320.0,98.0,109852.03649218279,-0.12120978521925396
Germany,2021-04-12,3024604,2708320,78796,12446.0,16090.0,296.0,106604.88842187097,-0.02955928878517322
Germany,2021-04-13,3054025,2726910,79137,29421.0,18590.0,341.0,120796.61864731798,0.13312457276148182
Germany,2021-04-14,3085142,2744940,79427,31117.0,18030.0,290.0,134656.95884055828,0.11474112726373109
Germany,2021-04-15,3110252,2747460,79672,25110.0,2520.0,245.0,140530.25043476425,0.043616695674527195
Germany,2021-04-16,3134108,2763260,79894,23856.0,15800.0,222.0,144310.50037265508,0.026899901809010585
Germany,2021-04-17,3154305,2784540,79971,20197.0,21280.0,77.0,143891.71460513293,-0.002901977101047448
Germany,2021-04-18,3155522,2795080,80052,1217.0,10540.0,81.0,124552.75537582823,-0.13439939389404454
Germany,2021-04-19,3167137,2811890,80353,11615.0,16810.0,301.0,118374.50460785278,-0.049603485280860005
Germany,2021-04-20,3198534,2831440,80680,31397.0,19550.0,327.0,132860.86109244527,0.12237733566516207
Germany,2021-04-21,3222888,2852890,80938,24354.0,21450.0,258.0,138234.7380792388,0.04044740446966055
Germany,2021-04-22,3254609,2856510,81203,31721.0,3620.0,265.0,150207.91835363326,0.08661484400202801
Germany,2021-04-23,3276871,2876690,81492,22262.0,20180.0,289.0,151011.6443031142,0.005350756193749806
Germany,2021-04-24,3291293,2902900,81610,14422.0,26210.0,118.0,143860.5522598122,-0.047354573723786375
Germany,2021-04-25,3306692,2917730,81671,15399.0,14830.0,61.0,138708.04479412473,-0.03581598558291388
Germany,2021-04-26,3312653,2939900,82009,5961.0,22170.0,338.0,124853.60982353549,-0.09988198587293529
Germany,2021-04-27,3338564,2960900,82325,25911.0,21000.0,316.0,132928.37984874472,0.06467390119213912
Germany,2021-04-28,3366827,2966590,82588,28263.0,5690.0,263.0,142201.61129892405,0.0697611109134939
Germany,2021-04-29,3391039,2987910,82865,24212.0,21320.0,277.0,146099.09539907775,0.027408157084526596
Germany,2021-04-30,3405365,3008640,83097,14326.0,20730.0,232.0,139553.79605635238,-0.044800409782459805
Germany,2021-05-01,3423900,3025120,83207,18535.0,16480.0,110.0,138152.53947687347,-0.010040977881483615
Germany,2021-05-02,3432676,3051730,83292,8776.0,26610.0,85.0,127192.4624087487,-0.07933315673838526
Germany,2021-05-03,3438186,3053770,83605,5510.0,2040.0,313.0,114532.11063607033,-0.09953696573616733
Germany,2021-05-04,3462297,3075230,83890,24111.0,21460.0,285.0,122281.38054520314,0.06766023839162782
Germany,2021-05-05,3484755,3118660,84141,22458.0,43430.0,251.0,127270.61189588842,0.04080123505672173
Germany,2021-05-06,3502672,3140330,84425,17917.0,21670.0,284.0,127006.0959107615,-0.002078374427423202
Germany,2021-05-07,3517762,3142640,84659,15090.0,2310.0,234.0,123952.36792350987,-0.02404394816920663
Germany,2021-05-08,3530887,3160630,84789,13125.0,17990.0,130.0,119369.88679157989,-0.03696969415507889
Germany,2021-05-09,3530887,3187100,84844,0.0,26470.0,55.0,102317.0458213542,-0.1428571428571428
Germany,2021-05-10,3538208,3188710,85118,7321.0,1610.0,274.0,95021.32498973218,-0.07130503791480025
Germany,2021-05-11,3557904,3231090,85385,19696.0,42380.0,267.0,101142.84999119902,0.06442264409729415
Germany,2021-05-12,3564494,3233630,85451,6590.0,2540.0,66.0,93283.87142102774,-0.07770177101846676
Germany,2021-05-13,3578125,3268190,85853,13631.0,34560.0,402.0,93588.60407516664,0.0032667239201888965
Germany,2021-05-14,3588502,3284300,86030,10377.0,16110.0,177.0,90595.80349299998,-0.03197825858972059
Germany,2021-05-15,3595872,3292700,86100,7370.0,8400.0,70.0,85023.54585114284,-0.06150679641897194
Germany,2021-05-16,3602939,3306260,86166,7067.0,13560.0,66.0,79944.3250152653,-0.05973899094693269
Germany,2021-05-17,3608320,3323190,86386,5381.0,16930.0,220.0,73904.7071559417,-0.07554779977403459
Germany,2021-05-18,3615896,3342350,86671,7576.0,19160.0,285.0,70922.89184795003,-0.04034675763885953
Germany,2021-05-19,3627777,3359530,86908,11881.0,17180.0,237.0,72672.05015538575,0.024662817065972176
Germany,2021-05-20,3638504,3376100,87135,10727.0,16570.0,227.0,73017.32870461636,0.004751187677963564
Germany,2021-05-21,3646600,3390400,87303,8096.0,14300.0,168.0,70682.28174681403,-0.03197935338402358
Germany,2021-05-22,3653019,3398700,87385,6419.0,8300.0,82.0,67003.8129258406,-0.05204230438046431
Germany,2021-05-23,3657662,3410040,87429,4643.0,11340.0,44.0,62074.83965072052,-0.07356257890241913
Germany,2021-05-24,3659990,3425380,87461,2328.0,15340.0,32.0,55535.0054149033,-0.10535402544114836
Germany,2021-05-25,3662568,3439570,87733,2578.0,14190.0,272.0,50179.43321277426,-0.09643597154834938
Germany,2021-05-26,3667041,3452290,88000,4473.0,12720.0,267.0,47483.942753806514,-0.05371703676958928
Germany,2021-05-27,3673990,3463130,88192,6949.0,10840.0,192.0,47649.52236040559,0.003487065247668397
Germany,2021-05-28,3680159,3472650,88360,6169.0,9520.0,168.0,47011.447737490504,-0.013390997250484316
Germany,2021-05-29,3684672,3479700,88413,4513.0,7050.0,53.0,44808.52663213472,-0.04685924836130928
Germany,2021-05-30,3687715,3487850,88431,3043.0,8150.0,18.0,41450.30854182976,-0.07494596101931617
Germany,2021-05-31,3689921,3498580,88601,2206.0,10730.0,170.0,37734.83589299694,-0.08963679112504885
Germany,2021-06-01,3692908,3509660,88781,2987.0,11080.0,180.0,35331.145051140236,-0.06369951756707637
Germany,2021-06-02,3698004,3518860,88945,5096.0,9200.0,164.0,35379.83861526306,0.0013782050950328362
Germany,2021-06-03,3701692,3526110,89031,3688.0,7250.0,86.0,34013.57595593977,-0.03861698393202617
Germany,2021-06-04,3704685,3533860,89152,2993.0,7750.0,121.0,32147.493676519804,-0.05486286657531203
Germany,2021-06-05,3706934,3538290,89228,2249.0,4430.0,76.0,29803.99457987412,-0.07289834536486273
Germany,2021-06-06,3708898,3542000,89249,1964.0,3710.0,21.0,27510.281068463533,-0.07695993586576055
Germany,2021-06-07,3710342,3549820,89390,1444.0,7820.0,141.0,25024.24091582589,-0.09036767550468694
Germany,2021-06-08,3712595,3557840,89497,2253.0,8020.0,107.0,23702.349356422194,-0.05282444186219859
Germany,2021-06-09,3715870,3563140,89592,3275.0,5300.0,95.0,23591.299448361882,-0.004685185691528204
Germany,2021-06-10,3718617,3568460,89693,2747.0,5320.0,101.0,22968.113812881616,-0.026415909680784333
Germany,2021-06-11,3720811,3574000,89821,2194.0,5540.0,128.0,21880.954696755674,-0.04733340861086344
Germany,2021-06-12,3722295,3577840,89841,1484.0,3840.0,20.0,20239.10402579058,-0.07503560487735639
Germany,2021-06-13,3723295,3581340,89849,1000.0,3500.0,8.0,18347.803450677642,-0.09344784100634418
Germany,2021-06-14,3724168,3585660,89944,873.0,4320.0,95.0,16599.688672009408,-0.09527651543507631
Germany,2021-06-15,3725328,3590610,90079,1160.0,4950.0,135.0,15388.304576008066,-0.07297631419100004
Germany,2021-06-16,3726767,3593730,90185,1439.0,3120.0,106.0,14628.975350864057,-0.049344566933506195
Germany,2021-06-17,3727668,3597940,90277,901.0,4210.0,92.0,13440.12172931205,-0.081267046600211
Germany,2021-06-18,3728601,3600360,90374,933.0,2420.0,97.0,12453.104339410329,-0.07343812874470468
Germany,2021-06-19,3729597,3602150,90390,996.0,1790.0,16.0,11670.089433780282,-0.06287708544704318
Germany,2021-06-20,3730126,3604050,90400,529.0,1900.0,10.0,10531.9338003831,-0.0975275845018525
Germany,2021-06-21,3730619,3606150,90477,493.0,2100.0,77.0,9520.3718288998,-0.09604712587981734
Germany,2021-06-22,3731304,3609310,90553,685.0,3160.0,76.0,8845.318710485544,-0.07090617158093371
Germany,2021-06-23,3732439,3612840,90620,1135.0,3530.0,67.0,8716.701751844754,-0.014540681104946884
Germany,2021-06-24,3732914,3616140,90685,475.0,3300.0,65.0,7946.458644438361,-0.08836405435615402
Germany,2021-06-25,3733665,3617470,90752,751.0,1330.0,67.0,7562.250266661453,-0.04834963534930259
Germany,2021-06-26,3734153,3618510,90761,488.0,1040.0,9.0,6969.928799995531,-0.07832608625466941
Germany,2021-06-27,3734489,3619010,90768,336.0,500.0,7.0,6310.224685710456,-0.09465005069858079
Germany,2021-06-28,3734830,3620830,90826,341.0,1820.0,58.0,5749.764016323248,-0.08881786264384117
Germany,2021-06-29,3735399,3622220,90883,569.0,1390.0,57.0,5497.369156848499,-0.04389655971240114
Germany,2021-06-30,3736205,3623800,90945,806.0,1580.0,62.0,5518.030705870143,0.003758443071974593
